Company,Sector,Year,Revenue Growth YoY (%),Profit Growth YoY (%),Operating Margin (%),ROE (%),ROCE (%),Debt/Equity,Interest Coverage (x),Cash Conversion (OCF/PAT),P/E (x),EV/EBITDA (x)
TCS,IT,2017,,,27.39,,,0.0,100.0,0.96,18.23,14.71
TCS,IT,2018,4.36,-1.76,26.41,30.15,39.73,0.0,100.0,0.97,21.12,16.56
TCS,IT,2019,18.98,21.86,26.97,36.06,47.76,0.0,100.0,0.91,23.87,18.69
TCS,IT,2020,7.16,2.76,26.83,37.26,47.49,0.1,46.72,1.0,21.19,16.24
TCS,IT,2021,4.61,0.28,28.35,38.03,47.6,0.09,69.7,1.2,36.25,25.22
TCS,IT,2022,16.8,18.18,27.67,43.66,54.89,0.09,66.93,1.04,35.71,25.6
TCS,IT,2023,17.58,9.97,26.28,46.94,59.14,0.09,74.05,1.0,27.83,19.74
TCS,IT,2024,6.85,8.92,26.69,50.75,63.85,0.09,80.69,0.97,30.55,21.73
TCS,IT,2025,5.99,5.76,26.4,52.42,65.26,0.1,83.07,1.01,26.87,19.27
TCS,IT,2026,4.58,1.35,27.11,48.72,59.92,0.11,54.37,1.06,17.34,11.77
Infosys,IT,2017,,,27.17,,,0.0,,0.8,16.36,11.41
Infosys,IT,2018,2.98,11.68,26.69,23.94,30.28,0.0,,0.82,15.42,12.08
Infosys,IT,2019,17.23,-3.9,24.4,23.72,32.4,0.0,,0.96,21.1,15.14
Infosys,IT,2020,9.82,7.73,24.53,25.45,32.85,0.07,100.0,1.02,16.46,11.64
Infosys,IT,2021,10.66,16.61,27.76,27.29,35.35,0.07,100.0,1.2,30.12,20.2
Infosys,IT,2022,21.07,14.26,25.89,29.15,37.3,0.07,100.0,1.08,36.28,25.09
Infosys,IT,2023,20.66,8.98,23.94,31.97,40.85,0.11,100.0,0.93,24.59,16.75
Infosys,IT,2024,4.7,8.87,23.7,32.08,40.47,0.09,77.57,0.96,23.7,16.89
Infosys,IT,2025,6.06,1.83,24.07,29.05,37.93,0.09,91.4,1.34,24.42,16.21
Infosys,IT,2026,9.61,10.21,23.67,31.21,39.22,0.1,97.14,1.15,17.23,11.69
Wipro,IT,2017,,,20.42,,,0.28,19.58,1.09,14.76,11.87
Wipro,IT,2018,-1.73,-5.77,19.06,16.07,16.95,0.29,18.57,1.05,15.89,13.15
Wipro,IT,2019,8.32,12.51,19.68,17.26,19.16,0.18,16.65,1.29,17.08,12.73
Wipro,IT,2020,3.59,7.98,20.19,17.4,19.76,0.18,17.72,1.04,11.56,8.72
Wipro,IT,2021,1.3,11.05,23.85,19.59,22.1,0.19,28.32,1.37,21.02,14.92
Wipro,IT,2022,28.06,13.27,21.04,20.33,21.13,0.27,29.43,0.91,26.53,19.88
Wipro,IT,2023,14.09,-7.19,18.61,15.87,17.71,0.22,15.65,1.15,17.66,12.4
Wipro,IT,2024,-0.8,-2.69,18.66,14.51,17.17,0.22,12.73,1.6,22.71,15.38
Wipro,IT,2025,-0.75,18.92,20.23,16.74,19.71,0.23,12.85,1.29,20.91,15.63
Wipro,IT,2026,3.97,0.47,19.23,15.49,17.92,0.23,12.9,1.13,14.91,11.6
HCL Tech,IT,2017,,,21.84,,,0.02,100.0,1.05,14.5,11.2
HCL Tech,IT,2018,6.31,1.34,22.24,25.16,31.48,0.02,100.0,0.95,15.46,11.68
HCL Tech,IT,2019,19.49,16.04,23.05,26.03,31.02,0.1,73.54,0.89,14.57,10.33
HCL Tech,IT,2020,16.96,9.26,24.5,23.87,27.64,0.16,28.68,1.21,10.71,7.01
HCL Tech,IT,2021,6.65,0.8,26.6,20.05,25.97,0.11,32.02,1.76,23.93,13.2
HCL Tech,IT,2022,13.63,21.12,23.97,22.16,25.58,0.1,54.14,1.25,23.39,15.08
HCL Tech,IT,2023,18.45,10.02,22.3,23.33,28.66,0.07,56.21,1.21,19.83,12.58
HCL Tech,IT,2024,8.34,5.73,22.02,23.49,29.84,0.08,38.92,1.43,26.68,16.72
HCL Tech,IT,2025,6.5,10.75,21.79,25.22,31.88,0.09,37.12,1.28,24.85,16.36
HCL Tech,IT,2026,11.18,-4.3,20.56,22.98,29.39,0.07,26.43,1.2,21.88,12.93
Tech Mahindra,IT,2017,,,14.36,,,0.08,30.96,1.45,15.9,10.25
Tech Mahindra,IT,2018,5.6,35.08,15.3,21.54,25.82,0.13,31.04,0.94,16.47,13.15
Tech Mahindra,IT,2019,12.9,13.1,18.05,21.97,26.09,0.1,42.62,1.03,17.75,12.11
Tech Mahindra,IT,2020,6.12,-6.16,14.93,19.16,21.98,0.17,27.36,1.08,13.54,10.02
Tech Mahindra,IT,2021,2.68,9.79,17.95,18.97,23.01,0.12,35.21,1.83,21.68,14.14
Tech Mahindra,IT,2022,17.94,25.7,17.96,21.51,26.59,0.1,46.83,0.95,26.18,18.0
Tech Mahindra,IT,2023,19.36,-13.2,14.57,17.63,22.51,0.1,20.8,1.15,22.22,13.63
Tech Mahindra,IT,2024,-2.43,-51.2,8.67,8.64,12.08,0.1,9.22,2.7,51.71,26.57
Tech Mahindra,IT,2025,1.91,80.32,13.14,15.74,20.39,0.07,18.57,1.36,32.66,19.58
Tech Mahindra,IT,2026,7.22,13.16,15.9,16.89,22.59,0.07,20.48,1.28,28.19,14.69
Hindustan Unilever,FMCG,2017,,,19.08,,,0.04,100.0,1.16,42.19,29.6
Hindustan Unilever,FMCG,2018,7.19,16.49,21.1,74.35,102.53,0.0,100.0,1.16,52.98,36.37
Hindustan Unilever,FMCG,2019,10.59,16.11,22.59,79.93,113.29,0.01,100.0,0.96,58.41,39.41
Hindustan Unilever,FMCG,2020,1.2,11.46,24.79,83.85,114.64,0.0,78.67,1.13,70.57,47.77
Hindustan Unilever,FMCG,2021,18.21,18.48,24.72,28.6,38.36,0.0,91.64,1.15,68.39,46.65
Hindustan Unilever,FMCG,2022,11.52,11.06,24.51,18.36,24.51,0.02,100.0,1.02,51.88,35.61
Hindustan Unilever,FMCG,2023,15.51,13.98,23.35,20.37,26.49,0.02,100.0,0.99,56.89,40.45
Hindustan Unilever,FMCG,2024,2.17,1.55,23.68,20.25,27.36,0.03,42.69,1.51,49.55,34.32
Hindustan Unilever,FMCG,2025,-0.92,3.62,23.97,21.17,28.53,0.03,38.85,1.12,47.7,34.16
Hindustan Unilever,FMCG,2026,5.12,41.23,23.33,30.65,36.79,0.03,45.44,0.73,32.11,31.99
ITC,FMCG,2017,,,36.17,,,0.0,100.0,1.03,31.02,20.44
ITC,FMCG,2018,1.59,9.54,38.02,22.79,35.4,0.0,100.0,1.17,25.93,17.52
ITC,FMCG,2019,11.26,11.72,38.35,22.56,34.42,0.0,100.0,1.0,27.13,18.2
ITC,FMCG,2020,2.17,21.55,39.17,24.61,32.26,0.0,100.0,0.96,12.93,9.87
ITC,FMCG,2021,-0.26,-14.01,34.64,20.95,28.53,0.0,100.0,0.95,19.16,14.52
ITC,FMCG,2022,23.12,15.82,34.01,24.82,33.73,0.0,100.0,1.03,19.0,13.83
ITC,FMCG,2023,16.94,25.91,36.24,29.16,39.33,0.0,100.0,0.98,23.28,17.2
ITC,FMCG,2024,-4.21,6.6,37.08,28.48,37.43,0.0,100.0,0.84,24.5,19.63
ITC,FMCG,2025,10.88,69.84,34.29,48.08,57.86,0.0,100.0,0.51,14.76,19.71
ITC,FMCG,2026,4.71,-40.46,34.62,29.03,38.73,0.03,100.0,0.89,17.42,13.18
Nestle India,FMCG,2017,,,20.95,,,0.01,21.01,1.48,61.93,35.51
Nestle India,FMCG,2018,12.81,31.16,23.18,45.3,70.93,0.01,22.7,1.28,66.5,40.22
Nestle India,FMCG,2019,9.53,22.5,23.66,70.39,96.36,0.1,21.71,1.17,72.41,48.33
Nestle India,FMCG,2020,7.93,5.79,23.98,105.76,139.29,0.07,18.13,1.18,85.13,54.87
Nestle India,FMCG,2021,10.42,1.73,24.17,106.84,139.69,0.14,15.17,1.06,89.67,53.19
Nestle India,FMCG,2022,14.63,12.85,21.93,108.52,138.01,0.11,22.06,1.15,79.06,50.81
Nestle India,FMCG,2023,13.19,25.44,23.38,121.94,152.31,0.11,34.85,1.13,85.45,57.16
Nestle India,FMCG,2024,27.54,31.15,23.95,135.61,169.42,0.1,37.35,1.06,64.29,43.2
Nestle India,FMCG,2025,-17.19,-15.72,23.62,88.88,102.2,0.28,33.7,0.89,65.47,45.71
Nestle India,FMCG,2026,14.62,6.94,22.92,75.21,86.4,0.08,30.12,1.42,63.91,42.52
Britannia,FMCG,2017,,,14.12,,,0.05,100.0,0.5,45.78,31.68
Britannia,FMCG,2018,9.5,13.54,15.14,32.91,47.47,0.06,100.0,1.24,59.42,39.75
Britannia,FMCG,2019,11.51,15.42,15.67,30.27,44.34,0.04,100.0,1.0,63.97,42.82
Britannia,FMCG,2020,4.93,21.01,15.89,32.41,37.13,0.35,24.98,1.06,46.11,35.85
Britannia,FMCG,2021,13.25,32.89,19.1,46.89,45.27,0.59,23.67,0.99,46.85,35.56
Britannia,FMCG,2022,7.61,-18.19,15.57,49.95,41.57,0.97,15.4,0.85,50.66,36.13
Britannia,FMCG,2023,15.31,52.27,17.37,76.22,55.34,0.85,18.93,1.09,44.85,37.77
Britannia,FMCG,2024,2.88,-7.84,18.88,57.25,49.09,0.52,18.77,1.2,55.29,37.87
Britannia,FMCG,2025,7.0,1.82,17.7,52.52,52.81,0.29,22.08,1.14,54.59,37.74
Britannia,FMCG,2026,6.74,16.28,18.35,53.55,56.27,0.27,30.17,1.03,51.57,37.47
Dabur,FMCG,2017,,,19.85,,,0.2,30.81,0.96,38.26,32.76
Dabur,FMCG,2018,1.42,6.07,20.95,25.67,28.01,0.16,32.91,0.81,42.71,36.16
Dabur,FMCG,2019,10.27,6.49,20.43,25.44,27.51,0.12,29.95,1.04,50.06,41.72
Dabur,FMCG,2020,1.99,0.18,20.64,23.62,26.41,0.08,35.87,1.12,55.04,44.21
Dabur,FMCG,2021,10.1,17.19,20.93,23.73,27.28,0.07,67.73,1.25,56.42,47.31
Dabur,FMCG,2022,13.88,2.71,20.68,21.68,26.24,0.12,59.77,1.04,54.5,42.3
Dabur,FMCG,2023,5.89,-1.84,18.76,19.67,23.49,0.13,29.36,0.87,56.55,45.04
Dabur,FMCG,2024,7.58,7.94,19.35,19.56,23.23,0.14,19.99,1.09,50.31,38.92
Dabur,FMCG,2025,1.28,-4.07,18.44,17.11,21.07,0.09,14.81,1.12,50.78,38.91
Dabur,FMCG,2026,5.01,7.21,18.57,17.06,20.98,0.11,17.65,1.36,38.42,30.01
